TestID,TestDate,TestTime,TestType,TestResult,CopperPercent,MaterialFlowID
1,2025-01-01,10:30:59,Conductivity,0,1.4775273630170196,1
2,2025-01-02,12:56:16,Conductivity,0,1.7037206578442456,2
3,2025-01-03,15:57:40,TDS,1,1.5105914437703396,3
4,2025-01-04,16:33:27,pH,1,0.631497657690874,4
5,2025-01-05,14:45:15,TDS,1,0.12589548494413605,5
6,2025-01-06,16:23:49,Conductivity,0,3.52269084371021,6
7,2025-01-07,10:25:06,Conductivity,1,2.1809188496667264,7
8,2025-01-08,12:00:58,pH,1,2.1910197570668277,8
9,2025-01-09,10:23:17,Conductivity,1,2.029151333608228,9
10,2025-01-10,13:39:29,TDS,0,0.8191504218024639,10
11,2025-01-11,16:10:09,pH,0,0.8382756791610737,11
12,2025-01-12,16:15:17,pH,1,1.4014111408022691,12
13,2025-01-13,12:58:39,pH,1,0.7229779570201791,13
14,2025-01-14,10:55:29,Conductivity,0,0.7805534677408323,14
15,2025-01-15,11:40:20,TDS,0,1.5075468400204264,15
16,2025-01-16,12:31:59,TDS,1,1.655834164097927,16
17,2025-01-17,10:12:29,pH,0,4.846806844324805,17
18,2025-01-18,15:01:32,TDS,1,1.9244803844521121,18
19,2025-01-19,13:18:04,TDS,0,0.6839375154590235,19
20,2025-01-20,10:21:44,pH,1,2.9940763136159365,20
21,2025-01-21,09:01:42,pH,1,2.2985773246040697,21
22,2025-01-22,11:05:02,TDS,0,3.3215619276410724,22
23,2025-01-23,16:46:55,TDS,1,4.209232062311843,23
24,2025-01-24,16:37:58,Conductivity,0,0.6549517141542529,24
25,2025-01-25,13:10:07,Conductivity,1,2.692455161395104,25
26,2025-01-26,09:22:09,Conductivity,0,1.0263482329668696,26
27,2025-01-27,15:23:31,Conductivity,0,1.3403001432215425,27
28,2025-01-28,10:52:17,Conductivity,0,2.4118280077522503,28
29,2025-01-29,12:38:31,pH,1,0.9402191237717707,29
30,2025-01-30,10:30:44,Conductivity,1,2.563816703327051,30
31,2025-01-31,12:50:29,pH,0,0.027037268892468935,31
32,2025-02-01,12:06:52,pH,0,1.721740017621345,32
33,2025-02-02,12:53:25,TDS,1,0.45066083377553157,33
34,2025-02-03,15:34:25,pH,1,0.3090156659886125,34
35,2025-02-04,11:53:57,Conductivity,0,2.44884397965909,35
36,2025-02-05,11:41:56,TDS,1,1.0172166786509698,36
37,2025-02-06,12:52:44,Conductivity,0,0.20406824243711896,37
38,2025-02-07,15:04:57,Conductivity,0,1.296261721672112,38
39,2025-02-08,13:33:30,Conductivity,0,2.303741189229571,39
40,2025-02-09,08:09:11,Conductivity,0,0.2622993924382391,40
41,2025-02-10,11:36:52,TDS,0,0.6525006840042116,41
42,2025-02-11,14:16:26,TDS,0,3.0735429541158954,42
43,2025-02-12,13:24:52,pH,1,1.8364520654308072,43
44,2025-02-13,09:23:24,pH,1,1.2175330985377733,44
45,2025-02-14,14:08:46,TDS,0,1.6080627739774391,45
46,2025-02-15,10:52:20,pH,1,0.5351626936721223,46
47,2025-02-16,12:36:07,Conductivity,0,1.2909669548839011,47
48,2025-02-17,09:53:21,Conductivity,0,1.45889411723549,48
49,2025-02-18,15:22:06,Conductivity,1,2.2726564394537707,49
50,2025-02-19,12:32:43,pH,1,0.885425284008692,50
51,2025-02-20,10:46:37,TDS,0,1.1976167858683076,51
52,2025-02-21,12:15:40,pH,0,1.684444185918368,52
53,2025-02-22,16:12:46,Conductivity,0,1.0633732326090686,53
54,2025-02-23,11:45:58,TDS,0,2.653904474477189,54
55,2025-02-24,12:39:38,Conductivity,0,1.972179552689726,55
56,2025-02-25,12:57:27,Conductivity,0,1.4211130447569522,56
57,2025-02-26,14:02:44,TDS,0,1.2659623848725678,57
58,2025-02-27,12:42:31,pH,0,2.5669425566951976,58
59,2025-02-28,10:09:50,Conductivity,0,2.0100023784443,59
60,2025-03-01,10:40:23,Conductivity,0,2.5787846885527177,60
61,2025-03-02,15:56:55,pH,1,2.847240197997438,61
62,2025-03-03,09:38:21,TDS,0,2.480761538021783,62
63,2025-03-04,13:45:42,Conductivity,1,2.4957317801812895,63
64,2025-03-05,10:33:10,TDS,0,3.2808468411707725,64
65,2025-03-06,14:44:13,pH,1,1.1249988111052736,65
66,2025-03-07,10:20:41,Conductivity,1,2.381530927886546,66
67,2025-03-08,12:59:26,Conductivity,1,1.6668874975784311,67
68,2025-03-09,10:59:46,TDS,0,2.3764686252838363,68
69,2025-03-10,16:51:24,pH,1,1.034992289573369,69
70,2025-03-11,09:15:25,TDS,1,1.0704667756676136,70
71,2025-03-12,13:12:55,pH,1,0.9786659917330545,71
72,2025-03-13,10:01:43,TDS,1,0.5148548029814484,72
73,2025-03-14,13:04:14,Conductivity,1,1.1761499596508875,73
74,2025-03-15,09:56:35,TDS,0,1.4075759555857295,74
75,2025-03-16,13:39:17,TDS,0,0.88174873878363,75
76,2025-03-17,11:34:57,Conductivity,0,1.8698693563300586,76
77,2025-03-18,08:17:38,Conductivity,0,1.5454836409339114,77
78,2025-03-19,15:35:18,TDS,0,0.6848448028626299,78
79,2025-03-20,10:49:25,TDS,0,2.3392337307945343,79
80,2025-03-21,16:54:47,TDS,0,1.8074662641260366,80
81,2025-03-22,13:12:27,pH,1,2.925472295687017,81
82,2025-03-23,10:25:14,TDS,1,1.6246309252955362,82
83,2025-03-24,13:17:45,pH,0,3.1854417338940255,83
84,2025-03-25,16:55:22,TDS,1,1.7291912846935011,84
85,2025-03-26,08:47:47,Conductivity,0,1.8330723070056811,85
86,2025-03-27,09:28:23,pH,1,1.8446390929347436,86
87,2025-03-28,14:32:56,TDS,1,1.261976639711451,87
88,2025-03-29,11:37:32,pH,1,2.1832999148677334,88
89,2025-03-30,08:52:29,Conductivity,1,0.5770423580037678,89
90,2025-03-31,12:45:52,pH,1,1.5594585752700587,90
91,2025-04-01,14:35:55,Conductivity,0,2.7344251030803424,91
92,2025-04-02,09:36:23,TDS,1,1.0342001057955932,92
93,2025-04-03,09:38:57,TDS,0,1.8004449429503657,93
94,2025-04-04,15:12:59,Conductivity,0,2.566567905677788,94
95,2025-04-05,09:17:50,Conductivity,0,2.7054460725770912,95
96,2025-04-06,14:12:42,TDS,0,1.0328786710323803,96
97,2025-04-07,16:08:40,Conductivity,1,1.2797183966262529,97
98,2025-04-08,10:05:35,pH,0,2.7279815569676646,98
99,2025-04-09,13:36:35,Conductivity,1,0.5192716225059704,99
100,2025-04-10,12:25:02,pH,0,1.4721852006181726,100
101,2025-04-11,12:00:52,TDS,1,1.7924260570174957,101
102,2025-04-12,14:34:24,TDS,1,0.8430648927691655,102
103,2025-04-13,16:49:16,TDS,1,3.514412410385761,103
104,2025-04-14,14:57:59,Conductivity,0,3.170040417371114,104
105,2025-04-15,11:58:50,pH,1,0.8681258861264942,105
106,2025-04-16,13:56:23,Conductivity,1,2.386936284432908,106
107,2025-04-17,12:49:32,TDS,1,0.6435835384030943,107
108,2025-04-18,08:17:55,Conductivity,1,1.230219323651385,108
109,2025-04-19,11:27:55,Conductivity,0,2.7708429875196305,109
110,2025-04-20,10:56:20,TDS,0,0.9867356586773204,110
111,2025-04-21,12:13:10,Conductivity,0,0.1442849818709655,111
112,2025-04-22,14:54:41,Conductivity,0,0.4291912820741126,112
113,2025-04-23,11:06:40,TDS,0,1.5668996861399356,113
114,2025-04-24,08:12:31,Conductivity,0,1.8537920881221217,114
115,2025-04-25,12:14:20,TDS,1,2.3742590870546554,115
116,2025-04-26,15:33:09,pH,0,2.3120241364217,116
117,2025-04-27,13:08:06,Conductivity,0,1.6565202719852314,117
118,2025-04-28,10:24:57,TDS,0,2.5851424711794824,118
119,2025-04-29,09:22:33,Conductivity,1,1.487440944908416,119
120,2025-04-30,15:52:31,pH,0,1.2738413409073692,120
121,2025-05-01,13:17:15,pH,0,1.5002388882470987,121
122,2025-05-02,13:49:07,Conductivity,0,2.131848594121424,122
123,2025-05-03,10:23:52,Conductivity,0,2.8009234017367124,123
124,2025-05-04,12:40:33,Conductivity,0,2.50053453539242,124
125,2025-05-05,10:54:02,TDS,1,1.7005045271225063,125
126,2025-05-06,14:11:40,pH,1,1.5718356004476155,126
127,2025-05-07,13:06:05,Conductivity,1,2.0172888893461494,127
128,2025-05-08,09:43:02,Conductivity,1,1.3304520124115007,128
129,2025-05-09,11:44:54,Conductivity,1,0.15111897753793158,129
130,2025-05-10,14:44:42,Conductivity,1,1.3020992810487988,130
131,2025-05-11,08:33:28,TDS,1,2.3334198692231656,131
132,2025-05-12,12:38:22,Conductivity,1,0.31870242602910737,132
133,2025-05-13,16:00:01,Conductivity,1,2.3569348629002196,133
134,2025-05-14,14:34:38,Conductivity,0,3.2313838791373417,134
135,2025-05-15,11:00:39,Conductivity,0,2.258909455435445,135
136,2025-05-16,15:50:19,pH,1,0.28663139616530686,136
137,2025-05-17,08:55:54,Conductivity,1,1.1219677489583992,137
138,2025-05-18,10:21:44,Conductivity,1,2.6911664521725687,138
139,2025-05-19,16:16:06,Conductivity,0,0.20994981202368224,139
140,2025-05-20,10:00:29,pH,0,2.3901253319485694,140
141,2025-05-21,14:52:23,TDS,1,1.266281741010902,141
142,2025-05-22,11:49:47,pH,0,1.974978150651099,142
143,2025-05-23,13:20:58,pH,0,2.1618071339111555,143
144,2025-05-24,13:20:01,Conductivity,0,1.1729383427968278,144
145,2025-05-25,16:19:09,TDS,0,3.230467563998376,145
146,2025-05-26,15:57:39,Conductivity,1,1.4264134538797626,146
147,2025-05-27,08:44:15,Conductivity,1,1.201449059528317,147
148,2025-05-28,11:24:51,pH,0,4.375920167985372,148
149,2025-05-29,16:20:12,Conductivity,1,2.6814932337351127,149
150,2025-05-30,15:32:41,pH,0,1.5883902101626737,150
151,2025-05-31,09:24:08,pH,1,1.2835247155471043,151
152,2025-06-01,10:21:44,pH,0,0.9105122321051786,152
