UsageID,UsageDate,EnergyType,Consumption,Cost,UnitID
1,2025-01-01,Gas,2857,1354336,17
2,2025-01-02,Electricity,4442,916823,20
3,2025-01-03,Electricity,1004,1949256,15
4,2025-01-04,Electricity,2915,1808159,4
5,2025-01-05,Gas,1819,1309853,12
6,2025-01-06,Water,1466,510078,17
7,2025-01-07,Water,2769,981329,3
8,2025-01-08,Water,3997,893463,5
9,2025-01-09,Electricity,1390,1094780,3
10,2025-01-10,Electricity,1783,1900856,9
11,2025-01-11,Water,1632,1292498,14
12,2025-01-12,Electricity,1255,595800,3
13,2025-01-13,Gas,3242,1007354,14
14,2025-01-14,Gas,4015,1362488,2
15,2025-01-15,Gas,4964,868957,10
16,2025-01-16,Water,1313,1364965,16
17,2025-01-17,Electricity,4601,983847,3
18,2025-01-18,Gas,1241,1955496,11
19,2025-01-19,Gas,1912,785689,18
20,2025-01-20,Electricity,3885,1723395,13
21,2025-01-21,Water,1300,1335255,8
22,2025-01-22,Electricity,1951,772656,17
23,2025-01-23,Electricity,1776,1590935,9
24,2025-01-24,Water,3210,1094199,14
25,2025-01-25,Water,3543,1790708,5
26,2025-01-26,Water,2144,790550,9
27,2025-01-27,Water,1841,1834814,11
28,2025-01-28,Electricity,4955,965503,13
29,2025-01-29,Water,2311,672086,8
30,2025-01-30,Electricity,1016,983577,8
31,2025-01-31,Water,2238,1901556,5
32,2025-02-01,Water,2605,958335,10
33,2025-02-02,Water,1937,838854,7
34,2025-02-03,Electricity,4529,1579485,3
35,2025-02-04,Electricity,2359,1852286,4
36,2025-02-05,Gas,4272,889489,10
37,2025-02-06,Gas,2183,1455950,8
38,2025-02-07,Electricity,2959,1011664,13
39,2025-02-08,Water,2695,1800064,4
40,2025-02-09,Gas,4655,1636085,5
41,2025-02-10,Gas,2168,1893757,5
42,2025-02-11,Electricity,4461,1275058,11
43,2025-02-12,Water,4380,1416490,8
44,2025-02-13,Electricity,2922,1726330,15
45,2025-02-14,Electricity,4867,1599860,10
46,2025-02-15,Electricity,1342,1214053,16
47,2025-02-16,Gas,4768,1319018,9
48,2025-02-17,Electricity,3330,1689683,19
49,2025-02-18,Gas,1180,1984463,19
50,2025-02-19,Water,4769,1203099,8
51,2025-02-20,Electricity,2831,1371883,9
52,2025-02-21,Electricity,3939,562816,16
53,2025-02-22,Electricity,3881,1615298,13
54,2025-02-23,Water,2785,1501420,9
55,2025-02-24,Electricity,1217,1565726,9
56,2025-02-25,Water,1463,1128618,10
57,2025-02-26,Gas,3353,740300,14
58,2025-02-27,Electricity,4015,557425,11
59,2025-02-28,Gas,1605,1885870,12
60,2025-03-01,Water,2895,1356132,6
61,2025-03-02,Gas,2564,1154974,15
62,2025-03-03,Gas,3889,1869301,12
63,2025-03-04,Water,2086,601824,20
64,2025-03-05,Water,4344,1091112,16
65,2025-03-06,Electricity,2006,1492607,2
66,2025-03-07,Water,4942,1669287,10
67,2025-03-08,Electricity,3456,1407128,9
68,2025-03-09,Gas,2242,604122,7
69,2025-03-10,Electricity,3977,1317669,14
70,2025-03-11,Water,3757,868989,19
71,2025-03-12,Gas,1025,737308,17
72,2025-03-13,Water,1679,1155879,6
73,2025-03-14,Water,1499,1923385,3
74,2025-03-15,Gas,1469,943933,10
75,2025-03-16,Water,4212,1695866,5
76,2025-03-17,Gas,4345,1885748,4
77,2025-03-18,Water,1865,796155,11
78,2025-03-19,Water,3216,875045,19
79,2025-03-20,Gas,1800,1272286,12
80,2025-03-21,Water,4000,1580702,8
81,2025-03-22,Gas,2374,1412140,8
82,2025-03-23,Gas,3674,1034607,4
83,2025-03-24,Electricity,2665,1890393,1
84,2025-03-25,Electricity,3549,623511,5
85,2025-03-26,Electricity,2006,1697864,16
86,2025-03-27,Water,4293,1598541,4
87,2025-03-28,Gas,3347,993681,20
88,2025-03-29,Water,2358,665504,9
89,2025-03-30,Gas,3951,1355980,3
90,2025-03-31,Gas,2366,1260390,18
91,2025-04-01,Gas,3663,1522747,14
92,2025-04-02,Water,1642,1002215,8
93,2025-04-03,Water,4209,953702,14
94,2025-04-04,Electricity,1688,769605,1
95,2025-04-05,Electricity,3712,945788,13
96,2025-04-06,Water,2463,1054226,13
97,2025-04-07,Electricity,3817,1762657,11
98,2025-04-08,Electricity,4565,1865399,2
99,2025-04-09,Electricity,2920,524998,11
100,2025-04-10,Electricity,2703,1738426,19
101,2025-04-11,Water,2313,761202,10
102,2025-04-12,Electricity,4743,1519325,13
103,2025-04-13,Electricity,3458,1881078,20
104,2025-04-14,Gas,2498,1220010,5
105,2025-04-15,Water,3622,1706641,19
106,2025-04-16,Gas,1796,769458,1
107,2025-04-17,Water,3470,1515891,19
108,2025-04-18,Gas,3133,1249830,16
109,2025-04-19,Electricity,2687,1652689,10
110,2025-04-20,Gas,2025,835886,3
111,2025-04-21,Electricity,2591,663709,6
112,2025-04-22,Gas,1555,1335149,2
113,2025-04-23,Water,4370,1863947,1
114,2025-04-24,Gas,1209,1273531,7
115,2025-04-25,Water,3326,1201587,9
116,2025-04-26,Electricity,4101,670492,3
117,2025-04-27,Water,3355,1123910,5
118,2025-04-28,Gas,1200,638124,2
119,2025-04-29,Electricity,4214,831396,13
120,2025-04-30,Electricity,4194,1892524,10
121,2025-05-01,Water,4419,1549722,15
122,2025-05-02,Water,3946,1559421,18
123,2025-05-03,Water,1210,1494884,11
124,2025-05-04,Gas,4728,1839845,6
125,2025-05-05,Gas,3698,1471207,5
126,2025-05-06,Electricity,3086,1912893,4
127,2025-05-07,Electricity,4733,953598,7
128,2025-05-08,Water,4376,1450926,1
129,2025-05-09,Electricity,1865,1108150,3
130,2025-05-10,Water,3485,861702,10
131,2025-05-11,Electricity,2025,829718,5
132,2025-05-12,Electricity,3584,1245290,6
133,2025-05-13,Gas,2332,1069438,8
134,2025-05-14,Electricity,2914,1791447,11
135,2025-05-15,Electricity,2525,920270,19
136,2025-05-16,Water,4891,1877466,9
137,2025-05-17,Electricity,1327,1321020,18
138,2025-05-18,Water,3241,1490782,17
139,2025-05-19,Gas,3702,983014,6
140,2025-05-20,Gas,4977,810278,12
141,2025-05-21,Water,2898,910842,12
142,2025-05-22,Gas,1900,1484757,14
143,2025-05-23,Gas,3129,1864640,11
144,2025-05-24,Gas,3990,1192802,12
145,2025-05-25,Water,2342,508289,5
146,2025-05-26,Water,2998,1070052,15
147,2025-05-27,Electricity,4942,1850448,6
148,2025-05-28,Water,1928,1693919,10
149,2025-05-29,Electricity,4674,1872663,6
150,2025-05-30,Water,4162,958839,11
151,2025-05-31,Gas,3198,846961,20
152,2025-06-01,Electricity,2387,1846867,16
