MaterialFlowID,MaterialType,Weight,Date,WastePercent,InputType,UnitID
1,Return,494,2025-01-01,18,1,17
2,Return,472,2025-01-02,5,0,3
3,Return,149,2025-01-03,6,1,6
4,Return,139,2025-01-04,5,1,17
5,Tailings,357,2025-01-05,20,1,12
6,Return,364,2025-01-06,18,0,14
7,Feed,398,2025-01-07,7,0,7
8,Return,221,2025-01-08,14,0,4
9,Concentrate,272,2025-01-09,8,0,13
10,Return,390,2025-01-10,19,0,5
11,Tailings,392,2025-01-11,5,1,16
12,Tailings,372,2025-01-12,5,1,9
13,Return,222,2025-01-13,20,1,7
14,Tailings,195,2025-01-14,5,1,7
15,Concentrate,146,2025-01-15,9,0,6
16,Concentrate,381,2025-01-16,18,0,16
17,Feed,281,2025-01-17,7,1,11
18,Concentrate,179,2025-01-18,8,0,9
19,Concentrate,184,2025-01-19,11,0,6
20,Return,433,2025-01-20,9,0,11
21,Concentrate,237,2025-01-21,9,1,1
22,Return,282,2025-01-22,18,1,17
23,Feed,210,2025-01-23,20,1,6
24,Return,249,2025-01-24,18,0,16
25,Concentrate,468,2025-01-25,18,1,9
26,Feed,291,2025-01-26,13,0,10
27,Return,118,2025-01-27,14,0,5
28,Feed,385,2025-01-28,11,1,2
29,Tailings,149,2025-01-29,18,0,1
30,Concentrate,242,2025-01-30,15,1,4
31,Concentrate,169,2025-01-31,12,1,4
32,Tailings,421,2025-02-01,13,0,4
33,Tailings,413,2025-02-02,14,0,6
34,Tailings,187,2025-02-03,17,0,6
35,Concentrate,236,2025-02-04,7,1,15
36,Feed,367,2025-02-05,8,1,6
37,Tailings,307,2025-02-06,13,1,13
38,Concentrate,475,2025-02-07,11,1,8
39,Return,194,2025-02-08,11,0,12
40,Feed,251,2025-02-09,7,0,9
41,Concentrate,375,2025-02-10,7,0,13
42,Tailings,484,2025-02-11,5,0,10
43,Feed,328,2025-02-12,17,1,10
44,Tailings,399,2025-02-13,12,0,18
45,Tailings,341,2025-02-14,8,1,7
46,Concentrate,307,2025-02-15,11,0,13
47,Return,175,2025-02-16,13,0,13
48,Feed,135,2025-02-17,12,1,19
49,Tailings,100,2025-02-18,12,1,1
50,Concentrate,488,2025-02-19,17,0,10
51,Concentrate,401,2025-02-20,12,0,16
52,Feed,143,2025-02-21,16,0,14
53,Concentrate,435,2025-02-22,17,1,15
54,Concentrate,222,2025-02-23,13,0,10
55,Return,136,2025-02-24,8,1,14
56,Return,165,2025-02-25,14,1,18
57,Feed,203,2025-02-26,18,0,14
58,Return,226,2025-02-27,20,0,19
59,Tailings,475,2025-02-28,19,1,17
60,Feed,451,2025-03-01,20,1,19
61,Concentrate,183,2025-03-02,11,1,12
62,Concentrate,221,2025-03-03,18,1,3
63,Concentrate,251,2025-03-04,10,1,10
64,Concentrate,457,2025-03-05,14,1,4
65,Tailings,466,2025-03-06,14,0,11
66,Feed,482,2025-03-07,12,0,17
67,Feed,483,2025-03-08,16,0,10
68,Return,194,2025-03-09,17,1,4
69,Concentrate,230,2025-03-10,19,0,1
70,Feed,235,2025-03-11,7,1,19
71,Feed,326,2025-03-12,19,1,12
72,Return,452,2025-03-13,19,0,3
73,Tailings,421,2025-03-14,19,1,5
74,Return,457,2025-03-15,17,0,17
75,Feed,174,2025-03-16,12,1,16
76,Tailings,276,2025-03-17,6,0,2
77,Return,490,2025-03-18,5,1,18
78,Feed,387,2025-03-19,8,1,5
79,Feed,485,2025-03-20,16,1,7
80,Tailings,416,2025-03-21,5,0,20
81,Concentrate,278,2025-03-22,10,1,3
82,Concentrate,103,2025-03-23,15,0,17
83,Return,293,2025-03-24,10,1,7
84,Tailings,161,2025-03-25,11,1,8
85,Feed,119,2025-03-26,10,0,17
86,Feed,279,2025-03-27,6,0,18
87,Concentrate,166,2025-03-28,16,0,14
88,Return,475,2025-03-29,6,1,8
89,Tailings,380,2025-03-30,6,0,19
90,Return,178,2025-03-31,10,0,7
91,Concentrate,402,2025-04-01,16,0,16
92,Concentrate,105,2025-04-02,14,0,19
93,Return,337,2025-04-03,10,1,8
94,Tailings,311,2025-04-04,20,0,14
95,Concentrate,352,2025-04-05,13,0,13
96,Tailings,120,2025-04-06,18,1,16
97,Concentrate,132,2025-04-07,16,1,9
98,Feed,416,2025-04-08,12,1,1
99,Tailings,443,2025-04-09,12,1,13
100,Tailings,497,2025-04-10,17,1,8
101,Tailings,163,2025-04-11,6,0,15
102,Feed,361,2025-04-12,17,1,4
103,Feed,111,2025-04-13,17,0,13
104,Tailings,396,2025-04-14,17,1,19
105,Feed,479,2025-04-15,13,0,9
106,Feed,192,2025-04-16,17,1,1
107,Feed,104,2025-04-17,8,1,12
108,Return,253,2025-04-18,15,1,2
109,Feed,479,2025-04-19,18,0,5
110,Tailings,429,2025-04-20,6,0,18
111,Return,238,2025-04-21,5,0,17
112,Tailings,130,2025-04-22,7,0,3
113,Return,352,2025-04-23,18,0,7
114,Return,317,2025-04-24,14,0,13
115,Feed,234,2025-04-25,13,1,11
116,Return,190,2025-04-26,18,1,17
117,Feed,246,2025-04-27,17,0,12
118,Feed,188,2025-04-28,19,1,7
119,Return,259,2025-04-29,18,0,6
120,Feed,223,2025-04-30,15,1,14
121,Concentrate,461,2025-05-01,19,1,15
122,Return,184,2025-05-02,5,1,6
123,Return,406,2025-05-03,13,0,18
124,Return,114,2025-05-04,12,0,19
125,Concentrate,376,2025-05-05,17,0,14
126,Concentrate,270,2025-05-06,5,1,6
127,Feed,339,2025-05-07,16,0,8
128,Return,208,2025-05-08,8,0,16
129,Concentrate,404,2025-05-09,9,1,7
130,Concentrate,295,2025-05-10,8,1,12
131,Return,264,2025-05-11,17,1,13
132,Concentrate,274,2025-05-12,11,0,5
133,Tailings,272,2025-05-13,12,0,20
134,Feed,218,2025-05-14,18,0,12
135,Return,296,2025-05-15,17,0,1
136,Feed,296,2025-05-16,11,1,10
137,Return,415,2025-05-17,5,1,15
138,Return,345,2025-05-18,14,0,5
139,Concentrate,477,2025-05-19,20,1,1
140,Feed,119,2025-05-20,13,0,3
141,Concentrate,428,2025-05-21,10,0,12
142,Tailings,379,2025-05-22,6,1,6
143,Feed,288,2025-05-23,15,1,9
144,Tailings,482,2025-05-24,10,0,1
145,Tailings,389,2025-05-25,17,1,14
146,Return,159,2025-05-26,7,1,16
147,Return,471,2025-05-27,9,1,13
148,Concentrate,117,2025-05-28,16,1,6
149,Feed,329,2025-05-29,13,1,7
150,Feed,229,2025-05-30,6,1,11
151,Return,155,2025-05-31,5,0,17
152,Feed,286,2025-06-01,12,1,1
