ProductID,ProductName,Quantity,Date,Destination,InputTonnage,OutputTonnage,RecoveredTonnage,RejectedTonnage,MaterialFlowID
1,Product 8,69,2025-01-01,Destination 6,8437288.589381006,27126.923940342604,3107.5244718140125,3148.5038854968598,106
2,Product 2,60,2025-01-02,Destination 4,3628434.803402963,20158.9049126222,1401.83039234942,1249.3228108387145,109
3,Product 6,69,2025-01-03,Destination 1,6608721.346086729,23322.894683312676,1967.0998034944,2102.4591671554963,21
4,Product 2,61,2025-01-04,Destination 7,4192933.8276339127,20776.80353985246,1959.4813670828257,1958.4397003283927,17
5,Product 1,52,2025-01-05,Destination 8,3463127.4907179135,8049.8286383270515,4070.239039281641,1063.9454345702804,133
6,Product 8,51,2025-01-06,Destination 6,548796.1377753598,9804.231558664322,3269.4600511949643,1936.2704369784412,66
7,Product 4,62,2025-01-07,Destination 7,3676744.8955504894,3115.0366399850445,1758.1566593234852,866.9156073180718,22
8,Product 9,65,2025-01-08,Destination 9,1159100.35296344,6680.683843429359,2457.964033235821,1494.3194780805359,39
9,Product 1,61,2025-01-09,Destination 7,5520006.266916592,11814.994766645066,437.26176074231216,1936.774007619272,33
10,Product 9,69,2025-01-10,Destination 10,1723099.8488640287,2984.6316448427733,3329.21842542235,1978.7214420004718,53
11,Product 10,68,2025-01-11,Destination 8,4470907.870248827,13964.272911678416,2565.320037900146,1045.2838012012878,47
12,Product 7,52,2025-01-12,Destination 1,8339908.223282525,19623.57697714273,1939.4460923995025,552.9202118047695,135
13,Product 4,50,2025-01-13,Destination 5,2844472.71100242,27368.212654524395,3070.1826016574882,86.16926707119342,113
14,Product 3,56,2025-01-14,Destination 5,5548594.65328838,16867.219441542682,4490.245969644075,217.12541689495333,45
15,Product 3,68,2025-01-15,Destination 8,10012693.421200477,3299.6992995893725,1406.4730408408464,2647.1663199906407,128
16,Product 1,63,2025-01-16,Destination 10,10978536.444312176,20377.10182317877,2064.114683051211,2232.1233978179525,30
17,Product 7,51,2025-01-17,Destination 5,5270594.694735503,16721.123861885837,5030.368699879527,1484.1534287124548,77
18,Product 7,66,2025-01-18,Destination 8,11753754.923314609,11685.881620656653,507.7820936985331,1940.981427145937,115
19,Product 2,55,2025-01-19,Destination 1,8491450.416819299,25506.90921670533,1579.050768666984,694.73091361416,47
20,Product 7,59,2025-01-20,Destination 3,11680003.344960079,14507.612106146746,3015.71984196742,1010.1970826887853,3
21,Product 3,64,2025-01-21,Destination 8,8368724.087650828,11010.773812494757,3583.0844354477263,2480.3246844309915,69
22,Product 6,68,2025-01-22,Destination 4,967226.6145049141,16718.638846499598,4028.6259325130045,722.5054391317033,107
23,Product 8,53,2025-01-23,Destination 8,5634389.731634366,17921.583659283522,3684.3510824455548,1558.658441473847,48
24,Product 5,68,2025-01-24,Destination 5,8427403.448678143,17726.837399339354,183.53522398867472,2413.471340734498,136
25,Product 8,66,2025-01-25,Destination 7,1611896.4597875967,4398.704082535767,1456.179332270021,2641.210294824953,101
26,Product 10,70,2025-01-26,Destination 10,1853786.5093970303,9562.431487525795,1310.2084731853934,835.503218033148,71
27,Product 4,70,2025-01-27,Destination 3,2275010.0848509804,14079.462794564131,1210.3436065062665,706.026524023139,4
28,Product 4,66,2025-01-28,Destination 2,3241142.933619647,17618.205445144406,1138.1069912367634,2009.4982904076576,81
29,Product 4,53,2025-01-29,Destination 7,3300927.3902292238,15393.937250964507,1362.9774149903637,1995.537228503247,149
30,Product 1,68,2025-01-30,Destination 6,4000404.318170529,16408.065750267462,1430.4291070566064,1280.0093638206479,1
31,Product 8,61,2025-01-31,Destination 2,6364895.971354433,22435.968469791384,3248.455810842624,1785.7783509661774,137
32,Product 5,53,2025-02-01,Destination 1,406390.6065073914,17860.149055077807,360.7585955633299,2759.9279416260406,145
33,Product 2,69,2025-02-02,Destination 9,1287077.2940015579,17245.282684889244,3614.44777245013,1413.6179417611972,113
34,Product 4,63,2025-02-03,Destination 3,1592164.238227331,14672.439498534539,3177.038398387576,2117.290190753204,68
35,Product 4,55,2025-02-04,Destination 8,5431914.361930633,22610.565471405233,4011.7147109758475,1263.4141065295469,147
36,Product 4,50,2025-02-05,Destination 5,27184.95099435841,14449.021364314456,342.0322482288798,1018.0423659828309,105
37,Product 8,55,2025-02-06,Destination 6,3301502.597712381,11614.157079093467,2268.199520220132,311.5344933478017,66
38,Product 3,51,2025-02-07,Destination 9,2506230.083601001,12831.949185972087,3897.7391881398758,1154.564707838256,150
39,Product 4,53,2025-02-08,Destination 5,257255.72236290848,19769.07148809604,1879.6233201446553,1105.9935830796464,82
40,Product 6,51,2025-02-09,Destination 1,3700096.001544973,13088.36330066364,2978.7943125465786,823.1327447735682,141
41,Product 10,59,2025-02-10,Destination 10,13678599.065248074,8668.157881941932,1749.5348117863427,1754.792260275474,6
42,Product 1,66,2025-02-11,Destination 4,890428.5434915144,6409.216097625484,2732.0660001696338,1114.5143456125995,49
43,Product 1,58,2025-02-12,Destination 1,748889.6734866395,10282.341342037478,2273.986356920413,18.253215677498474,118
44,Product 7,60,2025-02-13,Destination 8,2463821.9304971993,22928.342420905065,783.795034656559,101.40488363205145,135
45,Product 10,50,2025-02-14,Destination 3,3296968.47638508,14957.399891056491,3033.014456412256,2103.907366860506,140
46,Product 1,52,2025-02-15,Destination 4,807619.238266914,785.9402696743364,967.8925212556164,1570.580910508136,5
47,Product 5,51,2025-02-16,Destination 7,180453.20751872877,19274.634166806063,2373.1922670394665,664.3603946206101,145
48,Product 9,70,2025-02-17,Destination 10,8959792.353363065,862.1004036619179,655.0229417898477,2109.939795847561,41
49,Product 7,57,2025-02-18,Destination 4,13929443.618513852,7827.343506273644,1961.6289664172468,0.7497947824165294,82
50,Product 7,57,2025-02-19,Destination 2,1279573.9872911489,16432.763394160327,2818.9599060151336,183.7161095515628,12
51,Product 10,63,2025-02-20,Destination 10,3267282.6945077465,20192.546817670598,794.7397040679602,1643.2635184848666,75
52,Product 3,56,2025-02-21,Destination 10,1599438.4388182587,16464.270159634987,4654.116485105969,2410.877083708977,127
53,Product 4,69,2025-02-22,Destination 7,4969680.810858047,11924.030423700595,3057.512664161531,181.05586740758804,147
54,Product 2,67,2025-02-23,Destination 6,1201840.8354004512,22967.707935399027,2401.525901494078,604.6282343656574,79
55,Product 2,57,2025-02-24,Destination 9,3829916.0008148807,16506.946037585716,1176.2036661802808,87.52440210472491,9
56,Product 1,60,2025-02-25,Destination 4,2271427.632139255,10556.679863738816,360.8587428588903,2640.085074910269,13
57,Product 10,60,2025-02-26,Destination 6,5399259.394670191,9594.602119926742,2117.249046221313,502.966004234361,127
58,Product 9,69,2025-02-27,Destination 4,5213955.510167746,3052.058993734443,2332.4088464851043,3021.173444287081,58
59,Product 1,69,2025-02-28,Destination 9,2066582.5723505642,8237.469727924998,6.12015596018,1988.1104297762365,62
60,Product 10,61,2025-03-01,Destination 8,5834169.153873684,17888.883727576478,1900.9959771192184,351.62739861035584,138
61,Product 1,70,2025-03-02,Destination 2,275345.70070321736,15017.793838999376,968.0812224523647,2596.798837204654,71
62,Product 8,64,2025-03-03,Destination 8,3300435.56197558,14221.727682632798,4494.708902710026,1372.6133999936908,56
63,Product 1,63,2025-03-04,Destination 3,6949004.149947707,34400.35763885438,2213.110751797994,214.31584000921498,3
64,Product 4,68,2025-03-05,Destination 10,1165797.717948242,19036.844210749303,1973.633956838948,116.19667252333534,36
65,Product 3,58,2025-03-06,Destination 7,11231941.73393693,22294.564814491958,1986.4536571894673,1535.3153375956142,99
66,Product 7,69,2025-03-07,Destination 7,9427613.730007414,25809.919612682585,2144.1359715008543,1465.6037963997849,82
67,Product 3,61,2025-03-08,Destination 7,2287117.5606258637,1182.1201468316413,1718.59530366235,1530.9446917233006,137
68,Product 1,54,2025-03-09,Destination 1,4909302.930904066,23030.290849963727,2533.748530529901,1740.0741059593317,64
69,Product 2,69,2025-03-10,Destination 4,992623.9689127052,19073.285122297726,4024.423586813991,1091.119148219798,94
70,Product 2,68,2025-03-11,Destination 8,1545610.568836144,10753.498465033965,264.8384824733698,848.5838995413476,38
71,Product 3,70,2025-03-12,Destination 4,2244035.4206559574,24408.873320624334,1833.8662751902843,2478.938996943464,116
72,Product 9,61,2025-03-13,Destination 1,7813858.438311233,24897.22818548156,3947.319678771218,1124.6864725573803,80
73,Product 9,59,2025-03-14,Destination 7,4874984.2483164845,12800.227112305118,2718.013751526068,472.6760656178951,111
74,Product 9,65,2025-03-15,Destination 1,3923776.261862092,11436.339425769655,2778.7171293657407,1423.937666997256,81
75,Product 10,65,2025-03-16,Destination 1,8192796.927859324,16206.770532807208,4079.242782097917,455.46019184868123,39
76,Product 3,54,2025-03-17,Destination 7,2482950.2129285336,6947.845425387039,718.1749423016113,976.865047392005,24
77,Product 5,64,2025-03-18,Destination 9,5133283.532662683,20233.984673515544,2282.609702086101,1400.3679563306493,107
78,Product 3,59,2025-03-19,Destination 9,1357366.2305963645,17794.354459977818,2195.519606901125,857.7818777636937,137
79,Product 1,54,2025-03-20,Destination 3,5601151.856814051,6914.329116784154,155.97885874924077,2143.2067142511305,93
80,Product 7,69,2025-03-21,Destination 2,2661014.700439575,23699.809616300252,1273.1691239950846,1532.9138265739973,83
81,Product 8,59,2025-03-22,Destination 8,2075824.0859560666,2796.09343777687,3684.6685796972265,2505.9616394007326,141
82,Product 3,52,2025-03-23,Destination 2,2064827.7777171936,22843.080376750404,78.4419422397873,1132.6246559524068,119
83,Product 6,60,2025-03-24,Destination 8,4659841.15497002,24139.88161903202,4508.588924070846,1470.7124337284883,102
84,Product 10,57,2025-03-25,Destination 9,2275908.7340057865,19262.541023337995,2156.4015492894937,266.1349954011829,41
85,Product 6,50,2025-03-26,Destination 1,136297.95985827313,17340.02726068021,2719.6656358118885,1421.8000964494538,91
86,Product 2,64,2025-03-27,Destination 6,2273662.111118772,13923.01447932706,1693.041267788412,1574.9055404425806,82
87,Product 5,59,2025-03-28,Destination 4,6641509.896329642,11850.538560725534,612.6340634345793,425.67659311927196,105
88,Product 4,62,2025-03-29,Destination 3,3353656.2365828264,19760.207967512622,4326.114866815242,804.7350518783903,64
89,Product 7,52,2025-03-30,Destination 8,4893054.382672578,6736.466607586943,2227.4999668643245,1186.3044180397198,145
90,Product 2,53,2025-03-31,Destination 10,2601630.9927774114,12000.482774319915,836.8080899144657,1554.1818721219104,73
91,Product 3,63,2025-04-01,Destination 2,6655461.617921158,13384.735027378008,4718.2988540571205,2077.6678635722537,129
92,Product 9,55,2025-04-02,Destination 7,671407.0998226069,12902.121714315706,3381.5785146343655,1023.2569267911574,114
93,Product 2,62,2025-04-03,Destination 6,1138595.365154122,17983.86155390912,4946.0821653319545,1034.512598838967,102
94,Product 1,51,2025-04-04,Destination 1,3242015.6668364895,19247.630931020547,489.3629540329316,528.6359517633289,90
95,Product 4,52,2025-04-05,Destination 10,359685.138272487,15906.855192094406,3474.2188212094147,1267.9722890543078,85
96,Product 10,61,2025-04-06,Destination 2,495179.15805148025,6655.1877649900125,2847.685919148698,1377.1420628601961,37
97,Product 1,53,2025-04-07,Destination 2,3573570.257452791,752.5803031736923,2760.9013401870284,898.432183632133,88
98,Product 6,64,2025-04-08,Destination 4,13733406.147906698,24063.106306124235,3685.9385687039135,1361.3924569555936,150
99,Product 5,59,2025-04-09,Destination 6,6228337.731546451,3782.7970560843714,1736.9487414889404,2378.7353852200913,36
100,Product 10,67,2025-04-10,Destination 3,4487229.281925299,4677.510249227533,118.28654351304112,596.6700817900462,30
101,Product 5,87,2025-04-11,Destination 3,3796605.262549581,23964.477211697013,535.1347814557625,1605.3168660225426,45
102,Product 7,62,2025-04-12,Destination 7,3674757.7385517,13621.286961328986,3657.9658627287968,1213.1195546639563,135
103,Product 9,73,2025-04-13,Destination 7,515283.3969133846,11981.87655803448,2886.8698724163364,2023.704191830541,35
104,Product 10,61,2025-04-14,Destination 3,6399263.229572005,11578.85550672935,1718.7106210603629,1235.2193599944828,40
105,Product 8,85,2025-04-15,Destination 7,5060203.125466448,26731.510445165746,3246.378600049847,1466.2653840348073,61
106,Product 4,69,2025-04-16,Destination 4,2425325.7437305204,21137.175626730903,2752.173161023147,1695.061836471007,23
107,Product 6,72,2025-04-17,Destination 9,6797387.46484298,5973.46820108927,3149.976250568197,1647.9606170484774,44
108,Product 3,89,2025-04-18,Destination 6,734869.5322809201,14482.842692856446,325.8681495189917,513.6712214782281,106
109,Product 7,95,2025-04-19,Destination 3,352307.71446783165,14179.365795795855,688.9112805201689,3057.7778205240184,135
110,Product 10,88,2025-04-20,Destination 2,2029089.8860753877,11196.809061825059,3912.0714933214726,1864.2945643493592,100
111,Product 8,100,2025-04-21,Destination 2,783129.4206754884,39499.429787928726,4928.817503458031,2237.0444984942087,46
112,Product 1,91,2025-04-22,Destination 2,1461743.115536303,20590.16722181863,2645.140644124676,1486.9334859399376,41
113,Product 8,84,2025-04-23,Destination 7,4614558.152035276,3528.284830424889,356.97259059999897,922.8996391998069,56
114,Product 10,85,2025-04-24,Destination 9,3049214.547577383,22083.616613076483,3037.156896969445,97.06793397371007,106
115,Product 1,81,2025-04-25,Destination 8,1926540.6592138042,14561.358413652068,5460.607428465646,1549.713116797159,116
116,Product 4,85,2025-04-26,Destination 6,9777698.295341741,15755.116743564111,2902.955900624856,237.91072920786314,52
117,Product 5,83,2025-04-27,Destination 10,1965393.4631286866,11856.997806494826,58.84097983469428,2563.9313024127778,73
118,Product 7,62,2025-04-28,Destination 10,627007.3458892349,29505.11057849993,5208.921965602694,876.1266089190601,48
119,Product 2,88,2025-04-29,Destination 6,1055826.9354827937,16032.101761795922,3133.6520994209236,407.90575884940404,83
120,Product 8,66,2025-04-30,Destination 10,3355439.762861972,12907.710756141081,2337.662527423144,1236.1561750314766,47
121,Product 7,84,2025-05-01,Destination 5,1964519.1017888756,19214.276103561897,32.386869204837694,607.6704956164692,108
122,Product 10,60,2025-05-02,Destination 8,7713379.747677952,17044.875613722263,1571.0893753184605,1201.4896775364948,107
123,Product 6,67,2025-05-03,Destination 3,127712.21725762899,29822.116006977318,3604.3687323380977,2120.7821926797924,115
124,Product 3,72,2025-05-04,Destination 6,5443536.081405621,18309.08457839299,786.8741589463566,605.2377284861111,114
125,Product 3,85,2025-05-05,Destination 9,1253913.9107491954,24774.233380624617,4416.832218337713,1349.367537342653,9
126,Product 2,98,2025-05-06,Destination 5,1041260.3184396923,20668.270268578988,371.51586758953226,614.6666546230451,99
127,Product 5,91,2025-05-07,Destination 7,811625.0996180789,12543.373410054268,1218.6734164770128,1656.2157026571301,112
128,Product 1,68,2025-05-08,Destination 3,448214.223928351,17991.092320700853,3921.4047144177853,1537.656941075477,22
129,Product 4,64,2025-05-09,Destination 3,9256627.512444373,13800.297780885183,2546.8947139033658,1304.664356040769,144
130,Product 5,76,2025-05-10,Destination 7,8101984.787593953,24635.05457664572,958.1489499378035,703.137070415062,114
131,Product 3,85,2025-05-11,Destination 4,3448985.9104372202,19593.649138411674,2898.9826920933224,143.05538498020974,69
132,Product 8,72,2025-05-12,Destination 6,19613958.14240512,11791.041730250607,2545.57979604031,2452.395614820228,114
133,Product 3,88,2025-05-13,Destination 10,2535713.8628816595,19609.698569913427,1180.3191494236485,1387.5642386749066,61
134,Product 6,92,2025-05-14,Destination 9,11075736.279921165,13595.055246565915,409.9330350418127,714.4934565910378,3
135,Product 9,68,2025-05-15,Destination 8,94569.86557432373,15269.237922918444,1163.6205911399697,1387.3289496341047,98
136,Product 6,76,2025-05-16,Destination 3,5825670.046748489,24476.910709394215,2332.4088464851043,849.4799079919292,96
137,Product 8,72,2025-05-17,Destination 8,3829916.0008148807,17475.48302716708,1875.6620926414867,662.1603118553255,139
138,Product 7,78,2025-05-18,Destination 6,5047998.498431587,10811.712417529714,118.28654351304112,2141.126446569354,114
139,Product 7,76,2025-05-19,Destination 1,3374827.5111815315,21561.189226786235,3377.007752313129,1794.7827149593766,119
140,Product 3,94,2025-05-20,Destination 4,765874.5562446874,15782.514711035526,2809.706059231739,1377.083023543685,85
141,Product 4,70,2025-05-21,Destination 2,3993140.6333641303,19452.281367810963,4483.087305196004,790.9684724283695,22
142,Product 2,96,2025-05-22,Destination 6,7327092.5659709815,4984.62944320803,2945.4466177212266,114.93253656980164,17
143,Product 1,95,2025-05-23,Destination 5,1175571.93536066,11900.20298375165,5106.711812621124,1822.081453043859,63
144,Product 4,69,2025-05-24,Destination 8,1105410.5097945759,16575.71009150464,2401.2233805278624,1494.2595705387819,138
145,Product 6,76,2025-05-25,Destination 3,248263.15886110225,23418.312097204616,1891.5878745956247,2646.8815421109985,76
146,Product 7,95,2025-05-26,Destination 10,2210191.9785837415,23102.885595470834,2547.6030922054447,1848.3209563321113,146
147,Product 2,94,2025-05-27,Destination 4,4129627.6378500964,21432.399043086287,2437.302749820428,1284.391296621118,112
148,Product 9,91,2025-05-28,Destination 1,5084660.955166162,18169.941659112817,788.186081552321,102.57177835839025,8
149,Product 6,83,2025-05-29,Destination 5,119539.36751189559,2486.731450126479,3667.020524915624,204.70702667652154,109
150,Product 5,98,2025-05-30,Destination 3,6555881.576442682,4124.3296761357105,2220.666287810654,2713.523038848246,56
151,Product 2,99,2025-05-31,Destination 7,3436380.534454945,11620.033198508589,3099.3713820116495,1818.7257624803922,1
152,Product 10,60,2025-06-01,Destination 9,3649275.376791427,6800.879641786276,4642.470925535217,1547.7926025600598,125
