IndicatorID,RecoveryDate,RecoveryPercent,ProcessType,RecoveryCost,MaterialFlowID
1,2025-01-01,72,Physical,139,1
2,2025-01-02,88,Chemical,121,2
3,2025-01-03,73,Chemical,176,3
4,2025-01-04,83,Chemical,102,4
5,2025-01-05,78,Physical,97,5
6,2025-01-06,75,Hybrid,164,6
7,2025-01-07,76,Hybrid,92,7
8,2025-01-08,80,Hybrid,156,8
9,2025-01-09,76,Chemical,187,9
10,2025-01-10,83,Chemical,198,10
11,2025-01-11,80,Hybrid,129,11
12,2025-01-12,71,Chemical,177,12
13,2025-01-13,79,Physical,187,13
14,2025-01-14,79,Physical,193,14
15,2025-01-15,87,Physical,200,15
16,2025-01-16,81,Hybrid,156,16
17,2025-01-17,73,Chemical,114,17
18,2025-01-18,86,Physical,112,18
19,2025-01-19,86,Physical,103,19
20,2025-01-20,89,Chemical,135,20
21,2025-01-21,82,Hybrid,162,21
22,2025-01-22,84,Chemical,153,22
23,2025-01-23,79,Chemical,122,23
24,2025-01-24,82,Hybrid,144,24
25,2025-01-25,82,Hybrid,131,25
26,2025-01-26,85,Hybrid,137,26
27,2025-01-27,82,Hybrid,120,27
28,2025-01-28,90,Chemical,92,28
29,2025-01-29,79,Hybrid,171,29
30,2025-01-30,80,Chemical,127,30
31,2025-01-31,83,Hybrid,185,31
32,2025-02-01,74,Hybrid,107,32
33,2025-02-02,79,Hybrid,113,33
34,2025-02-03,78,Chemical,182,34
35,2025-02-04,81,Chemical,121,35
36,2025-02-05,85,Physical,120,36
37,2025-02-06,82,Physical,90,37
38,2025-02-07,76,Chemical,197,38
39,2025-02-08,71,Hybrid,100,39
40,2025-02-09,88,Physical,96,40
41,2025-02-10,83,Physical,144,41
42,2025-02-11,75,Chemical,92,42
43,2025-02-12,75,Hybrid,171,43
44,2025-02-13,77,Chemical,176,44
45,2025-02-14,74,Chemical,122,45
46,2025-02-15,83,Chemical,190,46
47,2025-02-16,86,Physical,177,47
48,2025-02-17,84,Chemical,188,48
49,2025-02-18,75,Physical,128,49
50,2025-02-19,90,Hybrid,201,50
51,2025-02-20,72,Chemical,97,51
52,2025-02-21,86,Chemical,186,52
53,2025-02-22,84,Chemical,198,53
54,2025-02-23,78,Hybrid,147,54
55,2025-02-24,87,Chemical,148,55
56,2025-02-25,84,Hybrid,112,56
57,2025-02-26,82,Physical,200,57
58,2025-02-27,89,Chemical,95,58
59,2025-02-28,84,Physical,111,59
60,2025-03-01,71,Hybrid,203,60
61,2025-03-02,79,Physical,93,61
62,2025-03-03,80,Physical,133,62
63,2025-03-04,86,Hybrid,202,63
64,2025-03-05,83,Hybrid,122,64
65,2025-03-06,80,Chemical,177,65
66,2025-03-07,89,Hybrid,177,66
67,2025-03-08,86,Chemical,150,67
68,2025-03-09,70,Physical,175,68
69,2025-03-10,87,Chemical,155,69
70,2025-03-11,72,Hybrid,153,70
71,2025-03-12,84,Physical,127,71
72,2025-03-13,81,Hybrid,184,72
73,2025-03-14,77,Hybrid,161,73
74,2025-03-15,79,Physical,120,74
75,2025-03-16,79,Hybrid,193,75
76,2025-03-17,80,Physical,107,76
77,2025-03-18,85,Hybrid,202,77
78,2025-03-19,81,Hybrid,94,78
79,2025-03-20,89,Physical,110,79
80,2025-03-21,72,Hybrid,148,80
81,2025-03-22,71,Physical,105,81
82,2025-03-23,82,Physical,95,82
83,2025-03-24,82,Chemical,132,83
84,2025-03-25,86,Chemical,162,84
85,2025-03-26,85,Chemical,188,85
86,2025-03-27,81,Hybrid,153,86
87,2025-03-28,80,Physical,149,87
88,2025-03-29,82,Hybrid,196,88
89,2025-03-30,90,Physical,131,89
90,2025-03-31,76,Physical,142,90
91,2025-04-01,85,Physical,209,91
92,2025-04-02,86,Hybrid,90,92
93,2025-04-03,85,Hybrid,134,93
94,2025-04-04,72,Chemical,91,94
95,2025-04-05,78,Chemical,190,95
96,2025-04-06,78,Hybrid,195,96
97,2025-04-07,71,Chemical,162,97
98,2025-04-08,76,Chemical,189,98
99,2025-04-09,81,Chemical,116,99
100,2025-04-10,70,Chemical,126,100
101,2025-04-11,90,Hybrid,100,101
102,2025-04-12,78,Chemical,148,102
103,2025-04-13,77,Chemical,141,103
104,2025-04-14,73,Physical,190,104
105,2025-04-15,77,Hybrid,180,105
106,2025-04-16,73,Physical,136,106
107,2025-04-17,73,Hybrid,169,107
108,2025-04-18,70,Physical,200,108
109,2025-04-19,85,Chemical,98,109
110,2025-04-20,73,Physical,99,110
111,2025-04-21,71,Chemical,157,111
112,2025-04-22,74,Physical,112,112
113,2025-04-23,89,Hybrid,195,113
114,2025-04-24,88,Physical,91,114
115,2025-04-25,83,Hybrid,127,115
116,2025-04-26,85,Chemical,183,116
117,2025-04-27,75,Hybrid,210,117
118,2025-04-28,83,Physical,161,118
119,2025-04-29,80,Chemical,187,119
120,2025-04-30,85,Chemical,195,120
121,2025-05-01,84,Hybrid,165,121
122,2025-05-02,75,Hybrid,139,122
123,2025-05-03,75,Hybrid,125,123
124,2025-05-04,82,Physical,195,124
125,2025-05-05,72,Physical,104,125
126,2025-05-06,88,Chemical,124,126
127,2025-05-07,85,Chemical,210,127
128,2025-05-08,87,Hybrid,138,128
129,2025-05-09,74,Chemical,152,129
130,2025-05-10,81,Hybrid,111,130
131,2025-05-11,74,Chemical,104,131
132,2025-05-12,78,Chemical,121,132
133,2025-05-13,84,Physical,167,133
134,2025-05-14,81,Chemical,207,134
135,2025-05-15,73,Chemical,137,135
136,2025-05-16,88,Hybrid,133,136
137,2025-05-17,88,Chemical,185,137
138,2025-05-18,72,Hybrid,99,138
139,2025-05-19,81,Physical,99,139
140,2025-05-20,81,Physical,92,140
141,2025-05-21,87,Hybrid,95,141
142,2025-05-22,71,Physical,173,142
143,2025-05-23,77,Physical,107,143
144,2025-05-24,78,Physical,198,144
145,2025-05-25,70,Hybrid,100,145
146,2025-05-26,80,Hybrid,124,146
147,2025-05-27,74,Chemical,155,147
148,2025-05-28,83,Hybrid,103,148
149,2025-05-29,75,Chemical,174,149
150,2025-05-30,74,Hybrid,194,150
151,2025-05-31,78,Physical,146,151
152,2025-06-01,73,Chemical,107,152
