EmployeeID,Name,Role,PerformancePercent,OvertimeHours,ReportID
1,Ahmadi,Engineer,40,1,118
2,Mohammadi,Operator,64,1,55
3,Rezaei,Operator,78,2,64
4,Kazemi,Operator,72,1,67
5,Hosseini,Engineer,73,2,28
6,Alavi,Manager,71,2,142
7,Moradi,Manager,57,1,56
8,Karimi,Manager,72,2,16
9,Rahimi,Operator,42,1,68
10,Abbasi,Operator,43,1,35
11,Sadeghi,Manager,43,1,36
12,Zarei,Operator,58,2,43
13,Nouri,Engineer,41,1,88
14,Yazdani,Engineer,56,2,127
15,Sharifi,Engineer,62,1,113
16,Jafari,Manager,71,1,98
17,Khosravi,Operator,46,3,129
18,Mahmoudi,Engineer,53,2,118
19,Ghasemi,Engineer,49,3,122
20,Fallah,Operator,75,1,93
21,Soltani,Manager,44,3,16
22,Akbari,Operator,64,3,142
23,Taheri,Operator,61,3,60
24,Heidari,Manager,51,2,91
25,Rostami,Manager,49,1,40
26,Amini,Manager,52,3,149
27,Bahrami,Manager,57,2,121
28,Maleki,Operator,76,2,150
29,Nemati,Manager,67,2,107
30,Jahangiri,Operator,61,3,66
31,Ghorbani,Manager,44,1,109
32,Amiri,Manager,46,2,88
33,Safari,Manager,66,2,117
34,Rajabi,Operator,51,2,89
35,Karimian,Operator,79,1,129
36,Shakeri,Engineer,46,3,7
37,Mousavi,Engineer,67,2,64
38,Bagheri,Operator,52,1,116
39,Azimi,Manager,80,1,2
40,Shafiei,Engineer,56,2,2
41,Abdollahi,Engineer,60,2,64
42,Zare,Operator,41,2,27
43,Parsa,Manager,43,1,52
44,Naderi,Operator,71,1,88
45,Beheshti,Operator,74,2,112
46,Khalili,Operator,47,3,68
47,Dehghani,Engineer,58,2,109
48,Shariat,Operator,61,2,38
49,Mozaffari,Engineer,75,1,61
50,Aref,Manager,65,3,119
51,Ghanbari,Operator,78,2,22
52,Hassani,Operator,70,2,112
53,Javadi,Operator,71,3,33
54,Shadman,Manager,74,2,75
55,Mohammadzadeh,Operator,40,1,28
56,Rashidi,Manager,44,3,106
57,Najafi,Engineer,42,3,75
58,Jamali,Operator,53,2,138
59,Abdi,Engineer,63,3,113
60,Soleimani,Manager,58,3,40
61,Kiani,Engineer,78,3,125
62,Hashemi,Engineer,54,2,119
63,Yazdi,Manager,78,3,52
64,Bahmani,Manager,57,3,65
65,Samadi,Operator,76,2,130
66,Khodabandeh,Manager,53,3,142
67,Ghazi,Operator,57,2,45
68,Hassanzadeh,Engineer,48,2,64
69,Shabani,Operator,50,2,70
70,Asgari,Manager,52,3,100
71,Naseri,Engineer,63,1,57
72,Omidvar,Manager,58,3,106
73,Shojaei,Manager,75,2,70
74,Kakavand,Engineer,71,3,85
75,Masoumi,Manager,51,2,108
76,Jahani,Engineer,52,1,36
77,Safaei,Manager,74,3,63
78,Razi,Manager,63,1,84
79,Fakhri,Engineer,57,2,106
80,Babaei,Manager,52,2,144
81,Khorram,Engineer,72,3,1
82,Yazdanpanah,Engineer,78,2,77
83,Momeni,Operator,53,3,90
84,Afshar,Operator,67,2,87
85,Koohi,Operator,45,3,12
86,Ghaderi,Manager,59,2,75
87,Shariatzadeh,Engineer,66,1,116
88,Moradkhani,Manager,50,1,31
89,Bayati,Engineer,73,2,12
90,Gholami,Engineer,48,3,96
91,Mahdavi,Engineer,48,3,5
92,Razeghi,Manager,65,1,4
93,Niazi,Manager,53,1,140
94,Shirazi,Operator,72,1,149
95,Ranjbar,Operator,80,1,35
96,Ferdowsi,Manager,72,2,50
97,Khavari,Operator,79,1,46
98,Daneshmand,Operator,52,1,45
99,Bahador,Operator,74,1,13
100,Talebi,Operator,71,1,7
101,Jalali,Manager,62,3,133
102,Rad,Operator,62,3,81
103,Salehi,Operator,53,1,34
104,Mokhtari,Engineer,63,1,86
105,Farhadi,Manager,42,1,72
106,Khaksar,Engineer,55,1,48
107,Najjar,Manager,55,3,152
108,Abdolmaleki,Engineer,79,2,101
109,Shams,Operator,73,1,125
110,Mehrabi,Engineer,78,2,68
111,Hajizadeh,Operator,64,3,10
112,Kianpour,Engineer,50,3,101
113,Sobhani,Manager,80,2,71
114,Nowruzi,Engineer,44,3,106
115,Bahari,Manager,61,1,22
116,Saberi,Operator,57,2,89
117,Karimzadeh,Manager,50,1,22
118,Hajian,Engineer,75,2,137
119,Ghahremani,Operator,52,2,18
120,Ramesh,Operator,79,1,105
121,Fazeli,Manager,59,3,99
122,Shariatmadari,Manager,68,1,122
123,Malekpour,Manager,58,3,114
124,Emamzadeh,Engineer,77,3,127
125,Ghaemi,Engineer,52,3,133
126,Rezazadeh,Operator,45,2,151
127,Bashiri,Operator,42,1,100
128,Forootan,Manager,43,1,124
129,Khodaei,Operator,62,3,147
130,Mesbahi,Manager,73,1,83
131,Rastegar,Operator,64,2,61
132,Jahanpour,Operator,40,3,95
133,Nekoo,Engineer,60,2,29
134,Shaban,Operator,76,2,130
135,Ataei,Operator,40,2,148
136,Farmandeh,Manager,51,2,90
137,Malekzadeh,Operator,73,1,120
138,Zarepour,Manager,52,3,112
139,Saeedi,Engineer,41,1,33
140,Behmanesh,Engineer,41,3,145
141,Khanmohammadi,Manager,72,1,124
142,Sharifian,Engineer,59,3,88
143,Ezzati,Engineer,75,1,51
144,Hejazi,Engineer,62,3,133
145,Nikravesh,Manager,68,2,110
146,Enayati,Manager,69,3,83
147,Mobaraki,Operator,73,3,129
148,Ghodsi,Manager,53,1,46
149,Hariri,Operator,72,3,108
150,Shafizadeh,Manager,71,1,42
