ReportID,ReportDate,ReportTime,ShiftCode,ShiftDurationHours,StaffCount,IsUrgentShift,ShiftEfficiency,ReportingUnit,UnitID
1,2025-01-01,10:59:02,A,4,51,0,68,4,9
2,2025-01-02,10:00:51,B,1,80,1,61,1,12
3,2025-01-03,16:56:50,B,1,69,1,59,3,18
4,2025-01-04,15:04:59,A,4,61,0,57,4,18
5,2025-01-05,11:19:03,B,1,66,1,61,3,2
6,2025-01-06,13:21:22,C,4,57,1,68,4,6
7,2025-01-07,10:39:30,B,1,93,0,67,2,4
8,2025-01-08,09:52:10,A,4,80,1,67,3,10
9,2025-01-09,08:56:38,C,4,76,1,58,1,18
10,2025-01-10,15:31:52,B,1,91,1,57,3,16
11,2025-01-11,12:42:48,C,4,90,1,69,2,3
12,2025-01-12,16:19:19,B,1,84,1,64,1,8
13,2025-01-13,09:00:45,A,4,53,1,60,1,12
14,2025-01-14,15:04:20,B,1,78,0,61,4,6
15,2025-01-15,15:56:08,B,1,96,0,50,4,2
16,2025-01-16,10:48:15,C,4,63,0,66,2,10
17,2025-01-17,16:53:49,A,4,71,1,69,2,16
18,2025-01-18,08:19:11,A,4,87,1,50,1,19
19,2025-01-19,14:59:47,B,1,53,0,65,4,14
20,2025-01-20,08:24:09,C,4,66,0,67,1,4
21,2025-01-21,12:40:41,C,4,93,0,58,4,10
22,2025-01-22,14:53:54,B,1,82,0,59,4,9
23,2025-01-23,14:38:26,A,4,72,0,64,2,2
24,2025-01-24,10:49:27,C,4,53,0,59,4,3
25,2025-01-25,09:12:12,C,4,54,1,57,4,2
26,2025-01-26,16:11:20,A,4,60,0,66,2,17
27,2025-01-27,11:43:07,A,4,59,1,63,2,5
28,2025-01-28,10:06:58,C,4,74,0,57,2,1
29,2025-01-29,08:09:41,A,4,76,0,66,3,7
30,2025-01-30,15:49:59,C,4,96,0,50,3,7
31,2025-01-31,09:30:00,B,1,75,1,50,4,13
32,2025-02-01,08:04:12,A,4,77,0,55,2,18
33,2025-02-02,10:44:45,C,4,82,0,62,4,5
34,2025-02-03,08:53:25,C,4,61,0,57,1,17
35,2025-02-04,15:36:20,A,4,81,1,64,3,16
36,2025-02-05,13:52:34,B,1,65,1,54,4,1
37,2025-02-06,13:59:45,B,1,50,0,60,3,19
38,2025-02-07,11:01:51,C,4,91,1,69,2,18
39,2025-02-08,13:09:33,B,1,99,0,55,4,19
40,2025-02-09,16:44:38,B,1,89,0,62,2,17
41,2025-02-10,14:42:20,A,4,96,0,63,3,8
42,2025-02-11,16:07:15,C,4,76,0,67,3,9
43,2025-02-12,08:02:23,C,4,84,1,66,3,10
44,2025-02-13,12:02:38,C,4,61,1,62,3,20
45,2025-02-14,14:33:17,C,4,86,0,63,2,19
46,2025-02-15,10:47:26,A,4,59,0,66,4,14
47,2025-02-16,15:22:54,C,4,93,0,58,1,19
48,2025-02-17,16:39:50,A,4,62,0,64,4,13
49,2025-02-18,10:58:26,A,4,75,0,68,1,14
50,2025-02-19,13:39:19,B,1,76,0,50,3,6
51,2025-02-20,13:07:27,C,4,73,0,54,2,20
52,2025-02-21,09:44:05,B,1,69,0,63,2,5
53,2025-02-22,13:17:57,A,4,55,1,57,4,19
54,2025-02-23,09:59:21,C,4,65,1,62,1,16
55,2025-02-24,12:04:48,A,4,53,0,67,4,7
56,2025-02-25,09:19:47,B,1,57,1,54,2,5
57,2025-02-26,09:10:42,C,4,57,1,66,2,10
58,2025-02-27,14:27:28,B,1,80,0,70,3,10
59,2025-02-28,11:57:21,C,4,71,1,58,1,15
60,2025-03-01,08:42:15,C,4,50,1,52,3,15
61,2025-03-02,10:05:08,C,4,76,1,69,2,7
62,2025-03-03,10:31:53,B,1,84,1,58,2,13
63,2025-03-04,15:18:21,C,4,85,1,61,2,13
64,2025-03-05,14:47:11,A,4,56,0,66,3,12
65,2025-03-06,08:03:45,B,1,71,0,53,1,5
66,2025-03-07,10:27:20,C,4,92,1,69,2,17
67,2025-03-08,15:05:29,A,4,85,1,51,1,15
68,2025-03-09,12:09:38,C,4,97,1,56,4,17
69,2025-03-10,11:49:56,C,4,92,0,56,2,16
70,2025-03-11,13:01:52,B,1,62,1,62,3,6
71,2025-03-12,13:16:47,B,1,71,0,63,3,3
72,2025-03-13,16:55:29,A,4,51,1,64,2,9
73,2025-03-14,15:52:53,C,4,76,1,57,4,12
74,2025-03-15,13:44:40,C,4,54,0,58,1,12
75,2025-03-16,15:12:25,A,4,82,1,65,1,15
76,2025-03-17,15:24:16,C,4,57,0,54,2,1
77,2025-03-18,12:07:37,A,4,72,1,61,4,5
78,2025-03-19,10:18:54,A,4,61,0,54,2,2
79,2025-03-20,15:45:40,A,4,98,1,56,1,14
80,2025-03-21,16:37:31,A,4,93,1,55,3,20
81,2025-03-22,10:07:58,B,1,74,1,67,3,5
82,2025-03-23,08:00:12,B,1,60,1,58,3,17
83,2025-03-24,08:28:24,C,4,80,0,64,2,7
84,2025-03-25,12:54:30,B,1,95,0,51,1,4
85,2025-03-26,11:43:07,A,4,86,1,64,2,5
86,2025-03-27,13:25:52,B,1,53,0,58,2,14
87,2025-03-28,14:38:52,C,4,90,0,68,1,1
88,2025-03-29,11:45:50,C,4,55,1,53,4,1
89,2025-03-30,11:42:19,B,1,60,0,63,1,3
90,2025-03-31,14:17:32,B,1,53,0,62,1,12
91,2025-04-01,11:53:56,A,4,81,0,60,3,15
92,2025-04-02,12:16:31,C,4,93,1,59,2,17
93,2025-04-03,12:12:38,A,4,65,1,65,3,2
94,2025-04-04,08:30:58,B,1,52,1,70,1,5
95,2025-04-05,09:23:32,A,4,63,0,59,1,8
96,2025-04-06,15:06:41,C,4,100,0,53,2,11
97,2025-04-07,09:32:05,A,4,87,1,53,1,16
98,2025-04-08,16:44:40,B,1,83,0,50,3,20
99,2025-04-09,14:35:48,B,1,61,0,50,1,14
100,2025-04-10,10:58:46,C,4,60,1,63,4,13
101,2025-04-11,12:36:38,A,4,58,0,74,3,16
102,2025-04-12,15:15:12,B,1,66,0,69,3,18
103,2025-04-13,13:21:13,B,1,86,0,66,3,19
104,2025-04-14,11:10:24,A,4,50,1,64,2,2
105,2025-04-15,15:21:24,C,4,93,0,60,3,13
106,2025-04-16,12:01:01,C,4,86,1,68,4,5
107,2025-04-17,11:17:54,B,1,51,1,73,3,7
108,2025-04-18,10:44:31,C,4,66,1,81,4,1
109,2025-04-19,15:22:14,C,4,95,1,84,1,10
110,2025-04-20,16:13:48,B,1,90,1,67,4,2
111,2025-04-21,11:50:14,C,4,64,0,85,3,13
112,2025-04-22,14:37:08,B,1,63,0,62,4,8
113,2025-04-23,12:28:32,A,4,67,1,81,2,9
114,2025-04-24,11:55:12,B,1,58,1,68,3,13
115,2025-04-25,13:19:34,B,1,97,0,76,3,15
116,2025-04-26,08:34:39,A,4,72,1,71,4,12
117,2025-04-27,09:05:50,B,1,90,1,73,4,5
118,2025-04-28,10:18:20,C,4,74,0,68,1,9
119,2025-04-29,09:55:44,B,1,85,1,80,1,3
120,2025-04-30,12:18:50,B,1,68,1,66,3,20
121,2025-05-01,14:39:07,A,4,92,1,70,1,19
122,2025-05-02,11:54:35,B,1,53,1,68,3,14
123,2025-05-03,13:08:42,B,1,73,0,61,2,3
124,2025-05-04,11:12:47,A,4,55,0,74,4,10
125,2025-05-05,16:30:14,B,1,78,0,83,4,2
126,2025-05-06,15:53:39,C,4,50,0,75,4,17
127,2025-05-07,16:09:26,B,1,60,1,72,4,8
128,2025-05-08,14:05:58,B,1,99,1,83,3,15
129,2025-05-09,14:10:48,A,4,51,1,65,3,10
130,2025-05-10,08:23:42,B,1,95,0,85,1,12
131,2025-05-11,10:17:18,C,4,75,0,62,3,2
132,2025-05-12,15:35:33,C,4,93,0,75,1,17
133,2025-05-13,09:50:15,B,1,62,1,64,4,12
134,2025-05-14,08:36:34,B,1,77,1,64,1,19
135,2025-05-15,14:52:43,A,4,53,1,63,2,16
136,2025-05-16,11:40:09,B,1,81,1,76,2,8
137,2025-05-17,13:15:50,A,4,53,0,84,2,16
138,2025-05-18,15:08:16,A,4,77,0,71,4,12
139,2025-05-19,09:19:24,C,4,54,0,83,3,10
140,2025-05-20,08:18:43,C,4,81,1,79,2,18
141,2025-05-21,13:55:40,B,1,51,0,65,2,3
142,2025-05-22,16:57:23,A,4,68,1,61,1,4
143,2025-05-23,16:05:24,A,4,71,0,67,1,3
144,2025-05-24,10:43:04,C,4,94,1,74,3,9
145,2025-05-25,12:16:06,B,1,68,0,65,3,14
146,2025-05-26,11:50:47,C,4,65,1,83,3,7
147,2025-05-27,09:00:01,B,1,65,1,73,2,4
148,2025-05-28,16:41:32,C,4,83,0,82,1,8
149,2025-05-29,13:25:26,C,4,83,0,82,2,8
150,2025-05-30,13:04:27,B,1,87,0,66,1,3
151,2025-05-31,13:39:18,C,4,59,0,70,2,19
152,2025-06-01,11:05:43,A,4,82,1,81,4,8
