ShipmentID,ShipDate,ShipTime,CopperPercent,BarrelCount,DryWeight,Destination,ShippingCost,ShipmentStatus,ProductID
1,2025-01-01,08:21:01,0.223141782604507,88,4156.138898160368,Fines Warehouse,8,0,1
2,2025-01-02,16:53:37,2.0257519981407133,89,7839.707705260896,Return Warehouse,6,0,2
3,2025-01-03,12:14:31,3.2280938865846385,51,1379.6647430621824,Return Warehouse,5,0,3
4,2025-01-04,16:58:59,1.8627935179517228,22,4695.11039843788,Return Warehouse,9,0,4
5,2025-01-05,15:30:22,2.383980236609141,83,4627.7290127608985,Fines Warehouse,10,1,5
6,2025-01-06,14:17:32,3.1805568495223544,67,4231.872534671272,Final Warehouse,10,0,6
7,2025-01-07,09:08:21,3.010335064069459,81,5359.273510011423,Final Warehouse,3,0,7
8,2025-01-08,09:12:22,2.0638246134091607,53,6037.451983315311,Final Warehouse,2,0,8
9,2025-01-09,12:42:33,3.371955373560177,60,3928.4793269093434,Return Warehouse,9,0,9
10,2025-01-10,09:44:15,2.1667549414780116,38,3867.2574120705185,Return Warehouse,8,1,10
11,2025-01-11,14:11:31,0.7857357435420274,30,718.8819055222275,Final Warehouse,2,0,11
12,2025-01-12,14:58:56,3.6418342586522887,52,3209.760603005595,Return Warehouse,5,1,12
13,2025-01-13,11:47:03,3.767203079640858,26,3291.037972705414,Fines Warehouse,3,1,13
14,2025-01-14,12:53:57,3.3700235492880712,56,2750.851751895386,Fines Warehouse,6,0,14
15,2025-01-15,10:51:57,1.2026760156310778,98,2736.603917787267,Fines Warehouse,8,1,15
16,2025-01-16,15:37:16,1.9984839445407308,41,6001.24493406334,Final Warehouse,8,0,16
17,2025-01-17,15:23:46,3.5501130627800923,65,3223.9958710392393,Return Warehouse,8,0,17
18,2025-01-18,15:57:20,4.042869851851883,89,6389.046558414936,Fines Warehouse,7,1,18
19,2025-01-19,12:30:01,3.174800569475956,62,6081.688754156364,Fines Warehouse,10,0,19
20,2025-01-20,10:14:10,1.4173765378097234,100,3644.988686768972,Return Warehouse,7,0,20
21,2025-01-21,10:17:52,2.777456682346092,21,2690.4571036261195,Final Warehouse,8,1,21
22,2025-01-22,15:10:13,1.4553227247881115,34,7044.116020760573,Return Warehouse,8,1,22
23,2025-01-23,10:07:51,3.196113850614147,25,2066.15776897657,Return Warehouse,7,1,23
24,2025-01-24,09:13:49,2.723671559189079,44,5251.8838375539935,Final Warehouse,9,1,24
25,2025-01-25,14:37:38,2.6874650254819064,81,1657.793858093516,Final Warehouse,5,1,25
26,2025-01-26,15:29:54,0.37770613733635416,43,3895.476626648321,Final Warehouse,8,1,26
27,2025-01-27,13:13:41,0.6507305582851406,76,6277.166608678687,Final Warehouse,2,0,27
28,2025-01-28,08:15:19,3.373982019049827,82,945.0461139108093,Return Warehouse,8,1,28
29,2025-01-29,11:17:28,1.236816711078682,62,5844.039153698265,Final Warehouse,3,0,29
30,2025-01-30,14:09:58,2.9025612682084376,90,5731.049200716786,Return Warehouse,3,1,30
31,2025-01-31,16:44:51,5.08863662447191,36,320.90594953793425,Final Warehouse,2,1,31
32,2025-02-01,15:51:58,3.140398167467929,37,2476.3563267328727,Final Warehouse,8,0,32
33,2025-02-02,11:36:47,1.4815515378438069,81,4760.152399916894,Final Warehouse,4,0,33
34,2025-02-03,15:35:22,3.2463008246360734,28,6787.030891782212,Return Warehouse,2,0,34
35,2025-02-04,12:49:10,1.841429665497508,58,5236.775227344385,Return Warehouse,4,1,35
36,2025-02-05,14:32:38,3.5142554711534832,28,6726.391205060697,Fines Warehouse,7,1,36
37,2025-02-06,09:25:20,3.072416411620161,51,7790.817298172858,Fines Warehouse,10,0,37
38,2025-02-07,13:11:07,0.2994015116052471,40,1205.1303459970377,Return Warehouse,6,0,38
39,2025-02-08,12:37:41,4.611086630128447,57,4516.079441056679,Final Warehouse,4,0,39
40,2025-02-09,11:50:19,3.749130155576886,41,5470.881194800729,Fines Warehouse,8,0,40
41,2025-02-10,10:45:25,2.638954490586166,79,5885.39410479321,Fines Warehouse,3,0,41
42,2025-02-11,15:45:28,3.5832878460916437,23,6965.150808764026,Return Warehouse,2,0,42
43,2025-02-12,10:14:51,3.958615510790587,81,4048.474866410249,Final Warehouse,6,0,43
44,2025-02-13,10:14:28,3.5243393915686103,91,2970.902565052217,Return Warehouse,5,0,44
45,2025-02-14,08:41:32,3.788706003214138,29,3248.1855644022808,Return Warehouse,9,1,45
46,2025-02-15,14:09:14,1.3614143194978898,51,6622.427882243262,Return Warehouse,3,0,46
47,2025-02-16,14:37:33,0.9008714587331998,99,3377.431829062022,Fines Warehouse,7,0,47
48,2025-02-17,12:43:58,3.8468566952268977,20,3308.4817784214983,Return Warehouse,7,1,48
49,2025-02-18,10:07:20,3.171141734761641,20,3073.940187050045,Fines Warehouse,8,1,49
50,2025-02-19,15:29:16,3.3280999283044186,50,3185.782438562871,Final Warehouse,8,0,50
51,2025-02-20,14:35:11,3.701015341229031,23,2031.0649116613213,Return Warehouse,9,0,51
52,2025-02-21,11:04:38,2.662309588608814,39,5382.076746490799,Return Warehouse,10,1,52
53,2025-02-22,15:06:53,2.8501769705052813,49,4951.724299623454,Return Warehouse,10,1,53
54,2025-02-23,14:55:44,3.5636762897376504,57,5618.5200037993645,Final Warehouse,4,1,54
55,2025-02-24,10:34:54,3.5137674579538545,33,5618.704306224988,Return Warehouse,6,0,55
56,2025-02-25,14:34:33,4.758001360308917,54,2479.058032744849,Final Warehouse,6,1,56
57,2025-02-26,11:02:52,0.7606321422678595,82,5566.75196565671,Fines Warehouse,10,1,57
58,2025-02-27,15:16:48,2.983232631529454,39,2623.09456706085,Return Warehouse,2,1,58
59,2025-02-28,17:00:32,3.835787898432209,99,1738.694245559106,Fines Warehouse,5,0,59
60,2025-03-01,15:03:12,2.8309737775281794,67,7310.449780552023,Final Warehouse,9,1,60
61,2025-03-02,10:54:04,2.0401218375888495,91,6526.682772132023,Fines Warehouse,7,1,61
62,2025-03-03,16:23:55,2.815332069482047,27,3309.2881015335997,Fines Warehouse,6,0,62
63,2025-03-04,16:06:47,2.672195016608548,97,3585.333342547944,Final Warehouse,5,0,63
64,2025-03-05,15:27:55,2.9712270011054263,91,6406.714459125812,Final Warehouse,9,0,64
65,2025-03-06,08:29:17,3.6832635450218096,24,1911.0714665061614,Return Warehouse,6,0,65
66,2025-03-07,14:42:26,3.2631688870957807,50,1393.4874249839204,Final Warehouse,3,1,66
67,2025-03-08,12:15:10,1.260296973108489,26,6059.781897656155,Return Warehouse,7,0,67
68,2025-03-09,16:41:11,3.6696231968073154,70,3995.74552357031,Fines Warehouse,5,0,68
69,2025-03-10,16:51:11,3.208299009210059,89,4962.468293298986,Return Warehouse,5,0,69
70,2025-03-11,16:51:03,4.682488271222319,44,7528.119322595973,Final Warehouse,3,0,70
71,2025-03-12,10:08:15,5.250414264431747,43,5203.860489604683,Fines Warehouse,6,1,71
72,2025-03-13,14:45:23,4.096518432455632,24,4594.441481478459,Final Warehouse,10,1,72
73,2025-03-14,10:18:58,1.898640995315127,63,6725.0131255600145,Final Warehouse,9,0,73
74,2025-03-15,16:51:54,1.9085403304267676,68,6693.342429193269,Fines Warehouse,3,0,74
75,2025-03-16,12:17:01,2.601721359163712,42,4994.388216809472,Final Warehouse,2,1,75
76,2025-03-17,11:48:34,2.114992670961947,52,3696.0341756293537,Fines Warehouse,7,0,76
77,2025-03-18,10:12:42,2.958459008092341,60,2945.9212089972943,Final Warehouse,9,0,77
78,2025-03-19,08:10:03,1.3907709684496514,53,3008.288730959027,Final Warehouse,9,0,78
79,2025-03-20,09:12:07,0.5534414605187341,88,6754.258569553219,Fines Warehouse,4,1,79
80,2025-03-21,15:05:57,1.6850859134444183,81,8110.833328118549,Final Warehouse,7,0,80
81,2025-03-22,11:19:32,4.57491296777669,44,4945.983697934441,Fines Warehouse,7,1,81
82,2025-03-23,15:59:20,4.61966858245767,82,3650.5010047717014,Fines Warehouse,7,1,82
83,2025-03-24,09:00:37,3.5372350771546555,66,4521.20430509645,Return Warehouse,5,0,83
84,2025-03-25,15:52:02,3.0655564126015453,63,6595.456897729907,Return Warehouse,8,1,84
85,2025-03-26,16:16:23,2.927064335104824,94,5355.742443084143,Return Warehouse,6,1,85
86,2025-03-27,16:28:44,4.344934851027283,98,4485.667446483109,Final Warehouse,5,0,86
87,2025-03-28,16:08:20,2.7441491493299783,25,1887.660869760527,Fines Warehouse,10,0,87
88,2025-03-29,10:19:45,3.418759126540117,63,1527.7936289653162,Final Warehouse,4,1,88
89,2025-03-30,13:39:56,3.8967819626884013,27,5279.346993317592,Fines Warehouse,4,0,89
90,2025-03-31,10:40:14,2.1347837554878244,82,3734.471703100514,Fines Warehouse,4,1,90
91,2025-04-01,10:53:05,3.7599928742587783,48,3266.0126353898313,Fines Warehouse,4,0,91
92,2025-04-02,15:13:38,1.712098581898481,30,885.608581647336,Final Warehouse,4,0,92
93,2025-04-03,16:28:48,2.385802068268895,64,1830.581570806732,Final Warehouse,3,0,93
94,2025-04-04,15:49:50,4.726232459582825,63,4770.393750613454,Return Warehouse,6,1,94
95,2025-04-05,08:16:28,1.7987323033786926,92,6584.189317617945,Return Warehouse,8,1,95
96,2025-04-06,16:11:33,4.433874624518175,62,3162.4618986843025,Final Warehouse,5,1,96
97,2025-04-07,10:23:28,4.1103218731643025,29,5165.198867138731,Return Warehouse,7,0,97
98,2025-04-08,15:10:38,3.889110294047605,86,4148.93853748659,Return Warehouse,2,1,98
99,2025-04-09,16:20:37,3.9612275192632116,25,4309.388459411782,Return Warehouse,2,0,99
100,2025-04-10,08:27:53,0.862846886214975,59,3252.445463649071,Return Warehouse,2,1,100
101,2025-04-11,12:15:26,3.0320162515317226,48,4524.61808866197,Final Warehouse,8,0,101
102,2025-04-12,15:57:15,2.6355206982281563,43,4883.706232839774,Return Warehouse,2,1,102
103,2025-04-13,09:14:42,4.361335128813771,78,2710.839276423446,Return Warehouse,2,1,103
104,2025-04-14,10:28:51,0.7259402194755968,25,3808.9382604352586,Fines Warehouse,10,0,104
105,2025-04-15,11:51:36,3.154359643539174,67,5277.3762139708715,Final Warehouse,2,1,105
106,2025-04-16,15:55:00,1.5868207892787543,62,4929.4027626655925,Fines Warehouse,5,0,106
107,2025-04-17,09:13:42,2.8686746936238525,59,10369.275251704908,Final Warehouse,3,1,107
108,2025-04-18,14:01:53,2.260263833371646,80,6062.730736466126,Fines Warehouse,8,1,108
109,2025-04-19,13:11:13,2.5507100726905994,41,7773.308567738656,Return Warehouse,5,0,109
110,2025-04-20,11:45:48,3.5483253667586543,43,1645.3663651378001,Fines Warehouse,7,0,110
111,2025-04-21,10:17:52,1.631596632486144,99,8715.579850886075,Return Warehouse,7,1,111
112,2025-04-22,11:08:22,1.6046421210455084,38,2073.8817160867775,Fines Warehouse,6,0,112
113,2025-04-23,14:49:42,2.267793902327576,61,7064.112833940687,Final Warehouse,6,1,113
114,2025-04-24,08:20:59,2.612193414429321,28,6812.875118284371,Fines Warehouse,5,1,114
115,2025-04-25,15:53:01,3.5663793265791175,54,1982.4677129776837,Final Warehouse,4,0,115
116,2025-04-26,11:42:39,4.695267642781509,41,3314.919797243835,Return Warehouse,10,0,116
117,2025-04-27,16:54:45,2.9302123995272997,41,3776.0381831157765,Final Warehouse,9,0,117
118,2025-04-28,08:53:32,5.109148350251125,85,4841.645487228522,Fines Warehouse,10,1,118
119,2025-04-29,08:22:08,1.011728840588767,99,3293.7899430152875,Return Warehouse,9,0,119
120,2025-04-30,15:22:35,1.4683372529668124,23,1645.1021228744657,Return Warehouse,10,0,120
121,2025-05-01,16:24:58,2.8904759879616724,42,2554.5508194949953,Final Warehouse,3,1,121
122,2025-05-02,10:55:27,2.1373072641574073,55,4349.7213697828165,Final Warehouse,7,1,122
123,2025-05-03,08:37:54,5.636212720113399,66,3024.4068158180717,Final Warehouse,8,1,123
124,2025-05-04,13:57:10,3.9664692361690688,64,3020.5176157682736,Fines Warehouse,8,0,124
125,2025-05-05,08:29:45,1.8131931711956715,49,5577.638374842952,Fines Warehouse,9,1,125
126,2025-05-06,15:35:53,3.9788819656870875,28,6724.669652857717,Return Warehouse,9,0,126
127,2025-05-07,15:30:04,4.048073640270722,48,3159.598928049906,Return Warehouse,5,0,127
128,2025-05-08,12:17:20,1.6553499796224789,64,5170.4472975775,Final Warehouse,4,0,128
129,2025-05-09,08:57:41,3.1602663732507428,89,4857.660949146027,Return Warehouse,2,1,129
130,2025-05-10,16:21:15,4.439412183622771,100,4898.04831250645,Final Warehouse,9,0,130
131,2025-05-11,16:34:09,2.8560609431246395,25,4528.178476429691,Return Warehouse,3,1,131
132,2025-05-12,09:18:14,3.4598584350725834,37,2799.258365116163,Return Warehouse,9,1,132
133,2025-05-13,16:43:19,2.096518969218487,57,5121.900363191759,Fines Warehouse,7,0,133
134,2025-05-14,15:08:14,0.8502647427882768,91,3622.436771779082,Return Warehouse,8,1,134
135,2025-05-15,08:20:21,4.826424350888992,65,3812.2808362454243,Return Warehouse,4,0,135
136,2025-05-16,13:49:39,3.655986641441523,98,4180.693007683164,Final Warehouse,7,0,136
137,2025-05-17,10:21:06,2.8531619424335806,99,5376.147653684672,Return Warehouse,10,0,137
138,2025-05-18,10:00:07,1.891952938770992,39,6041.716071253592,Final Warehouse,2,1,138
139,2025-05-19,08:37:09,2.656438258818462,54,4925.040240477262,Fines Warehouse,4,0,139
140,2025-05-20,08:36:04,1.9297575260645137,87,3825.0458735655748,Fines Warehouse,4,0,140
141,2025-05-21,16:56:44,3.0186110599367386,41,3591.8111539394495,Final Warehouse,3,0,141
142,2025-05-22,10:02:11,3.400086932381264,63,5908.1680204321465,Fines Warehouse,8,0,142
143,2025-05-23,12:46:15,2.9170259288741183,87,6070.245249001761,Fines Warehouse,7,1,143
144,2025-05-24,08:32:50,3.107659561757082,65,2081.278945260653,Fines Warehouse,10,0,144
145,2025-05-25,11:07:38,2.744063178092738,80,2409.818962391416,Final Warehouse,6,0,145
146,2025-05-26,14:39:51,3.906628197918217,56,1861.87947363074,Final Warehouse,5,0,146
147,2025-05-27,10:42:43,3.1791610812001,68,4220.173519335692,Return Warehouse,6,1,147
148,2025-05-28,13:34:35,2.7138834809726906,69,834.4395263879569,Final Warehouse,5,1,148
149,2025-05-29,08:08:19,2.100569731631986,62,5023.304848520599,Return Warehouse,3,0,149
150,2025-05-30,14:45:29,4.621286864570429,55,3035.8607927014027,Final Warehouse,4,0,150
151,2025-05-31,14:45:53,3.884551289908068,22,6153.302812585441,Fines Warehouse,10,0,151
152,2025-06-01,10:17:09,3.3221198701846153,58,291.2332590126034,Return Warehouse,9,1,152
