StockID,StockDate,MaterialType,Quantity,Location,UnitID
1,2025-01-01,Return,173,Fines Warehouse,14
2,2025-01-02,Return,190,Return Warehouse,20
3,2025-01-03,Return,242,Return Warehouse,17
4,2025-01-04,Return,242,Return Warehouse,2
5,2025-01-05,Tailings,220,Fines Warehouse,19
6,2025-01-06,Return,248,Final Warehouse,11
7,2025-01-07,Feed,293,Final Warehouse,15
8,2025-01-08,Return,227,Final Warehouse,20
9,2025-01-09,Concentrate,273,Return Warehouse,3
10,2025-01-10,Return,125,Return Warehouse,12
11,2025-01-11,Tailings,127,Final Warehouse,10
12,2025-01-12,Tailings,294,Return Warehouse,11
13,2025-01-13,Return,194,Fines Warehouse,4
14,2025-01-14,Tailings,271,Fines Warehouse,17
15,2025-01-15,Concentrate,223,Fines Warehouse,15
16,2025-01-16,Concentrate,133,Final Warehouse,20
17,2025-01-17,Feed,215,Return Warehouse,15
18,2025-01-18,Concentrate,181,Fines Warehouse,8
19,2025-01-19,Concentrate,133,Fines Warehouse,13
20,2025-01-20,Return,203,Return Warehouse,17
21,2025-01-21,Concentrate,153,Final Warehouse,11
22,2025-01-22,Return,207,Return Warehouse,16
23,2025-01-23,Feed,114,Return Warehouse,11
24,2025-01-24,Return,226,Final Warehouse,17
25,2025-01-25,Concentrate,259,Final Warehouse,11
26,2025-01-26,Feed,263,Final Warehouse,15
27,2025-01-27,Return,275,Final Warehouse,19
28,2025-01-28,Feed,111,Return Warehouse,18
29,2025-01-29,Tailings,264,Final Warehouse,8
30,2025-01-30,Concentrate,108,Return Warehouse,6
31,2025-01-31,Concentrate,191,Final Warehouse,19
32,2025-02-01,Tailings,149,Final Warehouse,7
33,2025-02-02,Tailings,132,Final Warehouse,6
34,2025-02-03,Tailings,286,Return Warehouse,5
35,2025-02-04,Concentrate,159,Return Warehouse,14
36,2025-02-05,Feed,266,Fines Warehouse,9
37,2025-02-06,Tailings,268,Fines Warehouse,7
38,2025-02-07,Concentrate,155,Return Warehouse,10
39,2025-02-08,Return,145,Final Warehouse,1
40,2025-02-09,Feed,212,Fines Warehouse,8
41,2025-02-10,Concentrate,258,Fines Warehouse,8
42,2025-02-11,Tailings,230,Return Warehouse,8
43,2025-02-12,Feed,123,Final Warehouse,3
44,2025-02-13,Tailings,266,Return Warehouse,16
45,2025-02-14,Tailings,144,Return Warehouse,15
46,2025-02-15,Concentrate,103,Return Warehouse,5
47,2025-02-16,Return,204,Fines Warehouse,14
48,2025-02-17,Feed,227,Return Warehouse,8
49,2025-02-18,Tailings,106,Fines Warehouse,20
50,2025-02-19,Concentrate,202,Final Warehouse,17
51,2025-02-20,Concentrate,251,Return Warehouse,13
52,2025-02-21,Feed,231,Return Warehouse,3
53,2025-02-22,Concentrate,164,Return Warehouse,7
54,2025-02-23,Concentrate,240,Final Warehouse,10
55,2025-02-24,Return,266,Return Warehouse,8
56,2025-02-25,Return,133,Final Warehouse,19
57,2025-02-26,Feed,267,Fines Warehouse,16
58,2025-02-27,Return,123,Return Warehouse,12
59,2025-02-28,Tailings,156,Fines Warehouse,20
60,2025-03-01,Feed,123,Final Warehouse,19
61,2025-03-02,Concentrate,143,Fines Warehouse,7
62,2025-03-03,Concentrate,294,Fines Warehouse,11
63,2025-03-04,Concentrate,163,Final Warehouse,3
64,2025-03-05,Concentrate,115,Final Warehouse,2
65,2025-03-06,Tailings,217,Return Warehouse,2
66,2025-03-07,Feed,202,Final Warehouse,20
67,2025-03-08,Feed,127,Return Warehouse,4
68,2025-03-09,Return,234,Fines Warehouse,15
69,2025-03-10,Concentrate,236,Return Warehouse,6
70,2025-03-11,Feed,127,Final Warehouse,14
71,2025-03-12,Feed,150,Fines Warehouse,13
72,2025-03-13,Return,218,Final Warehouse,3
73,2025-03-14,Tailings,128,Final Warehouse,5
74,2025-03-15,Return,232,Fines Warehouse,12
75,2025-03-16,Feed,238,Final Warehouse,17
76,2025-03-17,Tailings,247,Fines Warehouse,9
77,2025-03-18,Return,140,Final Warehouse,12
78,2025-03-19,Feed,293,Final Warehouse,3
79,2025-03-20,Feed,123,Fines Warehouse,7
80,2025-03-21,Tailings,131,Final Warehouse,11
81,2025-03-22,Concentrate,243,Fines Warehouse,3
82,2025-03-23,Concentrate,113,Fines Warehouse,19
83,2025-03-24,Return,183,Return Warehouse,13
84,2025-03-25,Tailings,119,Return Warehouse,13
85,2025-03-26,Feed,134,Return Warehouse,3
86,2025-03-27,Feed,167,Final Warehouse,19
87,2025-03-28,Concentrate,200,Fines Warehouse,16
88,2025-03-29,Return,170,Final Warehouse,12
89,2025-03-30,Tailings,123,Fines Warehouse,7
90,2025-03-31,Return,225,Fines Warehouse,7
91,2025-04-01,Concentrate,256,Fines Warehouse,7
92,2025-04-02,Concentrate,281,Final Warehouse,12
93,2025-04-03,Return,226,Final Warehouse,12
94,2025-04-04,Tailings,267,Return Warehouse,14
95,2025-04-05,Concentrate,234,Return Warehouse,17
96,2025-04-06,Tailings,279,Final Warehouse,13
97,2025-04-07,Concentrate,114,Return Warehouse,18
98,2025-04-08,Feed,205,Return Warehouse,19
99,2025-04-09,Tailings,192,Return Warehouse,16
100,2025-04-10,Tailings,178,Return Warehouse,11
101,2025-04-11,Tailings,195,Final Warehouse,5
102,2025-04-12,Feed,233,Return Warehouse,15
103,2025-04-13,Feed,154,Return Warehouse,13
104,2025-04-14,Tailings,142,Fines Warehouse,8
105,2025-04-15,Feed,155,Final Warehouse,7
106,2025-04-16,Feed,190,Fines Warehouse,12
107,2025-04-17,Feed,156,Final Warehouse,17
108,2025-04-18,Return,279,Fines Warehouse,1
109,2025-04-19,Feed,170,Return Warehouse,8
110,2025-04-20,Tailings,203,Fines Warehouse,5
111,2025-04-21,Return,255,Return Warehouse,8
112,2025-04-22,Tailings,216,Fines Warehouse,7
113,2025-04-23,Return,118,Final Warehouse,19
114,2025-04-24,Return,207,Fines Warehouse,13
115,2025-04-25,Feed,196,Final Warehouse,15
116,2025-04-26,Return,232,Return Warehouse,5
117,2025-04-27,Feed,266,Final Warehouse,14
118,2025-04-28,Feed,277,Fines Warehouse,13
119,2025-04-29,Return,234,Return Warehouse,13
120,2025-04-30,Feed,241,Return Warehouse,13
121,2025-05-01,Concentrate,267,Final Warehouse,8
122,2025-05-02,Return,228,Final Warehouse,2
123,2025-05-03,Return,180,Final Warehouse,16
124,2025-05-04,Return,244,Fines Warehouse,4
125,2025-05-05,Concentrate,231,Fines Warehouse,10
126,2025-05-06,Concentrate,288,Return Warehouse,1
127,2025-05-07,Feed,205,Return Warehouse,15
128,2025-05-08,Return,221,Final Warehouse,15
129,2025-05-09,Concentrate,234,Return Warehouse,17
130,2025-05-10,Concentrate,269,Final Warehouse,18
131,2025-05-11,Return,155,Return Warehouse,20
132,2025-05-12,Concentrate,224,Return Warehouse,11
133,2025-05-13,Tailings,112,Fines Warehouse,14
134,2025-05-14,Feed,160,Return Warehouse,13
135,2025-05-15,Return,195,Return Warehouse,13
136,2025-05-16,Feed,261,Final Warehouse,12
137,2025-05-17,Return,273,Return Warehouse,16
138,2025-05-18,Return,103,Final Warehouse,4
139,2025-05-19,Concentrate,276,Fines Warehouse,1
140,2025-05-20,Feed,215,Fines Warehouse,6
141,2025-05-21,Concentrate,266,Final Warehouse,14
142,2025-05-22,Tailings,114,Fines Warehouse,14
143,2025-05-23,Feed,190,Fines Warehouse,7
144,2025-05-24,Tailings,175,Fines Warehouse,12
145,2025-05-25,Tailings,221,Final Warehouse,1
146,2025-05-26,Return,126,Final Warehouse,12
147,2025-05-27,Return,189,Return Warehouse,8
148,2025-05-28,Concentrate,174,Final Warehouse,11
149,2025-05-29,Feed,271,Return Warehouse,17
150,2025-05-30,Feed,177,Final Warehouse,19
151,2025-05-31,Return,276,Fines Warehouse,16
152,2025-06-01,Feed,271,Return Warehouse,18
